<?xml version="1.0" encoding="UTF-8"?>
<project-private xmlns="http://www.netbeans.org/ns/project-private/1">
    <editor-bookmarks xmlns="http://www.netbeans.org/ns/editor-bookmarks/2" lastBookmarkId="0"/>
    <open-files xmlns="http://www.netbeans.org/ns/projectui-open-files/2">
        <group>
            <file>file:/Users/dipta10/NetBeansProjects/VarsityManagement/src/sampleClass/MyDetails.java</file>
            <file>file:/Users/dipta10/NetBeansProjects/VarsityManagement/src/vm/ui/firstTime/First_timeController.java</file>
            <file>file:/Users/dipta10/NetBeansProjects/VarsityManagement/src/vm/ui/firstTime/FirstTimeController.java</file>
            <file>file:/Users/dipta10/NetBeansProjects/VarsityManagement/src/vm/ui/login/LoginController.java</file>
            <file>file:/Users/dipta10/NetBeansProjects/VarsityManagement/src/vm/ui/firstTime/firstTimeLoader.java</file>
        </group>
    </open-files>
</project-private>
